{
	"fab fa-500px": "500px",
	"fab fa-accessible-icon": "Accessible Icon",
	"fab fa-accusoft": "Accusoft",
	"fab fa-acquisitions-incorporated": "Acquisitions Incorporated",
	"fab fa-adn": "Adn",
	"fab fa-adobe": "Adobe",
	"fab fa-adversal": "Adversal",
	"fab fa-affiliatetheme": "Affiliatetheme",
	"fab fa-airbnb": "Airbnb",
	"fab fa-algolia": "Algolia",
	"fab fa-alipay": "Alipay",
	"fab fa-amazon": "Amazon",
	"fab fa-amazon-pay": "Amazon Pay",
	"fab fa-amilia": "Amilia",
	"fab fa-android": "Android",
	"fab fa-angellist": "Angellist",
	"fab fa-angrycreative": "Angrycreative",
	"fab fa-angular": "Angular",
	"fab fa-app-store": "App Store",
	"fab fa-app-store-ios": "App Store Ios",
	"fab fa-apper": "Apper",
	"fab fa-apple": "Apple",
	"fab fa-apple-pay": "Apple Pay",
	"fab fa-artstation": "Artstation",
	"fab fa-asymmetrik": "Asymmetrik",
	"fab fa-atlassian": "Atlassian",
	"fab fa-audible": "Audible",
	"fab fa-autoprefixer": "Autoprefixer",
	"fab fa-avianex": "Avianex",
	"fab fa-aviato": "Aviato",
	"fab fa-aws": "Aws",
	"fab fa-bandcamp": "Bandcamp",
	"fab fa-battle-net": "Battle Net",
	"fab fa-behance": "Behance",
	"fab fa-behance-square": "Behance Square",
	"fab fa-bimobject": "Bimobject",
	"fab fa-bitbucket": "Bitbucket",
	"fab fa-bitcoin": "Bitcoin",
	"fab fa-bity": "Bity",
	"fab fa-black-tie": "Black Tie",
	"fab fa-blackberry": "Blackberry",
	"fab fa-blogger": "Blogger",
	"fab fa-blogger-b": "Blogger B",
	"fab fa-bluetooth": "Bluetooth",
	"fab fa-bluetooth-b": "Bluetooth B",
	"fab fa-bootstrap": "Bootstrap",
	"fab fa-btc": "Btc",
	"fab fa-buffer": "Buffer",
	"fab fa-buromobelexperte": "Buromobelexperte",
	"fab fa-buy-n-large": "Buy N Large",
	"fab fa-buysellads": "Buysellads",
	"fab fa-canadian-maple-leaf": "Canadian Maple Leaf",
	"fab fa-cc-amazon-pay": "Cc Amazon Pay",
	"fab fa-cc-amex": "Cc Amex",
	"fab fa-cc-apple-pay": "Cc Apple Pay",
	"fab fa-cc-diners-club": "Cc Diners Club",
	"fab fa-cc-discover": "Cc Discover",
	"fab fa-cc-jcb": "Cc Jcb",
	"fab fa-cc-mastercard": "Cc Mastercard",
	"fab fa-cc-paypal": "Cc Paypal",
	"fab fa-cc-stripe": "Cc Stripe",
	"fab fa-cc-visa": "Cc Visa",
	"fab fa-centercode": "Centercode",
	"fab fa-centos": "Centos",
	"fab fa-chrome": "Chrome",
	"fab fa-chromecast": "Chromecast",
	"fab fa-cloudscale": "Cloudscale",
	"fab fa-cloudsmith": "Cloudsmith",
	"fab fa-cloudversify": "Cloudversify",
	"fab fa-codepen": "Codepen",
	"fab fa-codiepie": "Codiepie",
	"fab fa-confluence": "Confluence",
	"fab fa-connectdevelop": "Connectdevelop",
	"fab fa-contao": "Contao",
	"fab fa-cotton-bureau": "Cotton Bureau",
	"fab fa-cpanel": "Cpanel",
	"fab fa-creative-commons": "Creative Commons",
	"fab fa-creative-commons-by": "Creative Commons By",
	"fab fa-creative-commons-nc": "Creative Commons Nc",
	"fab fa-creative-commons-nc-eu": "Creative Commons Nc Eu",
	"fab fa-creative-commons-nc-jp": "Creative Commons Nc Jp",
	"fab fa-creative-commons-nd": "Creative Commons Nd",
	"fab fa-creative-commons-pd": "Creative Commons Pd",
	"fab fa-creative-commons-pd-alt": "Creative Commons Pd Alt",
	"fab fa-creative-commons-remix": "Creative Commons Remix",
	"fab fa-creative-commons-sa": "Creative Commons Sa",
	"fab fa-creative-commons-sampling": "Creative Commons Sampling",
	"fab fa-creative-commons-sampling-plus": "Creative Commons Sampling Plus",
	"fab fa-creative-commons-share": "Creative Commons Share",
	"fab fa-creative-commons-zero": "Creative Commons Zero",
	"fab fa-critical-role": "Critical Role",
	"fab fa-css3": "Css3",
	"fab fa-css3-alt": "Css3 Alt",
	"fab fa-cuttlefish": "Cuttlefish",
	"fab fa-d-and-d": "D And D",
	"fab fa-d-and-d-beyond": "D And D Beyond",
	"fab fa-dailymotion": "Dailymotion",
	"fab fa-dashcube": "Dashcube",
	"fab fa-delicious": "Delicious",
	"fab fa-deploydog": "Deploydog",
	"fab fa-deskpro": "Deskpro",
	"fab fa-dev": "Dev",
	"fab fa-deviantart": "Deviantart",
	"fab fa-dhl": "Dhl",
	"fab fa-diaspora": "Diaspora",
	"fab fa-digg": "Digg",
	"fab fa-digital-ocean": "Digital Ocean",
	"fab fa-discord": "Discord",
	"fab fa-discourse": "Discourse",
	"fab fa-dochub": "Dochub",
	"fab fa-docker": "Docker",
	"fab fa-draft2digital": "Draft2digital",
	"fab fa-dribbble": "Dribbble",
	"fab fa-dribbble-square": "Dribbble Square",
	"fab fa-dropbox": "Dropbox",
	"fab fa-drupal": "Drupal",
	"fab fa-dyalog": "Dyalog",
	"fab fa-earlybirds": "Earlybirds",
	"fab fa-ebay": "Ebay",
	"fab fa-edge": "Edge",
	"fab fa-elementor": "Elementor",
	"fab fa-ello": "Ello",
	"fab fa-ember": "Ember",
	"fab fa-empire": "Empire",
	"fab fa-envira": "Envira",
	"fab fa-erlang": "Erlang",
	"fab fa-ethereum": "Ethereum",
	"fab fa-etsy": "Etsy",
	"fab fa-evernote": "Evernote",
	"fab fa-expeditedssl": "Expeditedssl",
	"fab fa-facebook": "Facebook",
	"fab fa-facebook-f": "Facebook F",
	"fab fa-facebook-messenger": "Facebook Messenger",
	"fab fa-facebook-square": "Facebook Square",
	"fab fa-fantasy-flight-games": "Fantasy Flight Games",
	"fab fa-fedex": "Fedex",
	"fab fa-fedora": "Fedora",
	"fab fa-figma": "Figma",
	"fab fa-firefox": "Firefox",
	"fab fa-firefox-browser": "Firefox Browser",
	"fab fa-first-order": "First Order",
	"fab fa-first-order-alt": "First Order Alt",
	"fab fa-firstdraft": "Firstdraft",
	"fab fa-flickr": "Flickr",
	"fab fa-flipboard": "Flipboard",
	"fab fa-fly": "Fly",
	"fab fa-font-awesome": "Font Awesome",
	"fab fa-font-awesome-alt": "Font Awesome Alt",
	"fab fa-font-awesome-flag": "Font Awesome Flag",
	"fab fa-fonticons": "Fonticons",
	"fab fa-fonticons-fi": "Fonticons Fi",
	"fab fa-fort-awesome": "Fort Awesome",
	"fab fa-fort-awesome-alt": "Fort Awesome Alt",
	"fab fa-forumbee": "Forumbee",
	"fab fa-foursquare": "Foursquare",
	"fab fa-free-code-camp": "Free Code Camp",
	"fab fa-freebsd": "Freebsd",
	"fab fa-fulcrum": "Fulcrum",
	"fab fa-galactic-republic": "Galactic Republic",
	"fab fa-galactic-senate": "Galactic Senate",
	"fab fa-get-pocket": "Get Pocket",
	"fab fa-gg": "Gg",
	"fab fa-gg-circle": "Gg Circle",
	"fab fa-git": "Git",
	"fab fa-git-alt": "Git Alt",
	"fab fa-git-square": "Git Square",
	"fab fa-github": "Github",
	"fab fa-github-alt": "Github Alt",
	"fab fa-github-square": "Github Square",
	"fab fa-gitkraken": "Gitkraken",
	"fab fa-gitlab": "Gitlab",
	"fab fa-gitter": "Gitter",
	"fab fa-glide": "Glide",
	"fab fa-glide-g": "Glide G",
	"fab fa-gofore": "Gofore",
	"fab fa-goodreads": "Goodreads",
	"fab fa-goodreads-g": "Goodreads G",
	"fab fa-google": "Google",
	"fab fa-google-drive": "Google Drive",
	"fab fa-google-play": "Google Play",
	"fab fa-google-plus": "Google Plus",
	"fab fa-google-plus-g": "Google Plus G",
	"fab fa-google-plus-square": "Google Plus Square",
	"fab fa-google-wallet": "Google Wallet",
	"fab fa-gratipay": "Gratipay",
	"fab fa-grav": "Grav",
	"fab fa-gripfire": "Gripfire",
	"fab fa-grunt": "Grunt",
	"fab fa-gulp": "Gulp",
	"fab fa-hacker-news": "Hacker News",
	"fab fa-hacker-news-square": "Hacker News Square",
	"fab fa-hackerrank": "Hackerrank",
	"fab fa-hips": "Hips",
	"fab fa-hire-a-helper": "Hire A Helper",
	"fab fa-hooli": "Hooli",
	"fab fa-hornbill": "Hornbill",
	"fab fa-hotjar": "Hotjar",
	"fab fa-houzz": "Houzz",
	"fab fa-html5": "Html5",
	"fab fa-hubspot": "Hubspot",
	"fab fa-ideal": "Ideal",
	"fab fa-imdb": "Imdb",
	"fab fa-instagram": "Instagram",
	"fab fa-instagram-square": "Instagram Square",
	"fab fa-intercom": "Intercom",
	"fab fa-internet-explorer": "Internet Explorer",
	"fab fa-invision": "Invision",
	"fab fa-ioxhost": "Ioxhost",
	"fab fa-itch-io": "Itch Io",
	"fab fa-itunes": "Itunes",
	"fab fa-itunes-note": "Itunes Note",
	"fab fa-java": "Java",
	"fab fa-jedi-order": "Jedi Order",
	"fab fa-jenkins": "Jenkins",
	"fab fa-jira": "Jira",
	"fab fa-joget": "Joget",
	"fab fa-joomla": "Joomla",
	"fab fa-js": "Js",
	"fab fa-js-square": "Js Square",
	"fab fa-jsfiddle": "Jsfiddle",
	"fab fa-kaggle": "Kaggle",
	"fab fa-keybase": "Keybase",
	"fab fa-keycdn": "Keycdn",
	"fab fa-kickstarter": "Kickstarter",
	"fab fa-kickstarter-k": "Kickstarter K",
	"fab fa-korvue": "Korvue",
	"fab fa-laravel": "Laravel",
	"fab fa-lastfm": "Lastfm",
	"fab fa-lastfm-square": "Lastfm Square",
	"fab fa-leanpub": "Leanpub",
	"fab fa-less": "Less",
	"fab fa-line": "Line",
	"fab fa-linkedin": "Linkedin",
	"fab fa-linkedin-in": "Linkedin In",
	"fab fa-linode": "Linode",
	"fab fa-linux": "Linux",
	"fab fa-lyft": "Lyft",
	"fab fa-magento": "Magento",
	"fab fa-mailchimp": "Mailchimp",
	"fab fa-mandalorian": "Mandalorian",
	"fab fa-markdown": "Markdown",
	"fab fa-mastodon": "Mastodon",
	"fab fa-maxcdn": "Maxcdn",
	"fab fa-mdb": "Mdb",
	"fab fa-medapps": "Medapps",
	"fab fa-medium": "Medium",
	"fab fa-medium-m": "Medium M",
	"fab fa-medrt": "Medrt",
	"fab fa-meetup": "Meetup",
	"fab fa-megaport": "Megaport",
	"fab fa-mendeley": "Mendeley",
	"fab fa-microblog": "Microblog",
	"fab fa-microsoft": "Microsoft",
	"fab fa-mix": "Mix",
	"fab fa-mixcloud": "Mixcloud",
	"fab fa-mixer": "Mixer",
	"fab fa-mizuni": "Mizuni",
	"fab fa-modx": "Modx",
	"fab fa-monero": "Monero",
	"fab fa-napster": "Napster",
	"fab fa-neos": "Neos",
	"fab fa-nimblr": "Nimblr",
	"fab fa-node": "Node",
	"fab fa-node-js": "Node Js",
	"fab fa-npm": "Npm",
	"fab fa-ns8": "Ns8",
	"fab fa-nutritionix": "Nutritionix",
	"fab fa-odnoklassniki": "Odnoklassniki",
	"fab fa-odnoklassniki-square": "Odnoklassniki Square",
	"fab fa-old-republic": "Old Republic",
	"fab fa-opencart": "Opencart",
	"fab fa-openid": "Openid",
	"fab fa-opera": "Opera",
	"fab fa-optin-monster": "Optin Monster",
	"fab fa-orcid": "Orcid",
	"fab fa-osi": "Osi",
	"fab fa-page4": "Page4",
	"fab fa-pagelines": "Pagelines",
	"fab fa-palfed": "Palfed",
	"fab fa-patreon": "Patreon",
	"fab fa-paypal": "Paypal",
	"fab fa-penny-arcade": "Penny Arcade",
	"fab fa-periscope": "Periscope",
	"fab fa-phabricator": "Phabricator",
	"fab fa-phoenix-framework": "Phoenix Framework",
	"fab fa-phoenix-squadron": "Phoenix Squadron",
	"fab fa-php": "Php",
	"fab fa-pied-piper": "Pied Piper",
	"fab fa-pied-piper-alt": "Pied Piper Alt",
	"fab fa-pied-piper-hat": "Pied Piper Hat",
	"fab fa-pied-piper-pp": "Pied Piper Pp",
	"fab fa-pied-piper-square": "Pied Piper Square",
	"fab fa-pinterest": "Pinterest",
	"fab fa-pinterest-p": "Pinterest P",
	"fab fa-pinterest-square": "Pinterest Square",
	"fab fa-playstation": "Playstation",
	"fab fa-product-hunt": "Product Hunt",
	"fab fa-pushed": "Pushed",
	"fab fa-python": "Python",
	"fab fa-qq": "Qq",
	"fab fa-quinscape": "Quinscape",
	"fab fa-quora": "Quora",
	"fab fa-r-project": "R Project",
	"fab fa-raspberry-pi": "Raspberry Pi",
	"fab fa-ravelry": "Ravelry",
	"fab fa-react": "React",
	"fab fa-reacteurope": "Reacteurope",
	"fab fa-readme": "Readme",
	"fab fa-rebel": "Rebel",
	"fab fa-red-river": "Red River",
	"fab fa-reddit": "Reddit",
	"fab fa-reddit-alien": "Reddit Alien",
	"fab fa-reddit-square": "Reddit Square",
	"fab fa-redhat": "Redhat",
	"fab fa-renren": "Renren",
	"fab fa-replyd": "Replyd",
	"fab fa-researchgate": "Researchgate",
	"fab fa-resolving": "Resolving",
	"fab fa-rev": "Rev",
	"fab fa-rocketchat": "Rocketchat",
	"fab fa-rockrms": "Rockrms",
	"fab fa-safari": "Safari",
	"fab fa-salesforce": "Salesforce",
	"fab fa-sass": "Sass",
	"fab fa-schlix": "Schlix",
	"fab fa-scribd": "Scribd",
	"fab fa-searchengin": "Searchengin",
	"fab fa-sellcast": "Sellcast",
	"fab fa-sellsy": "Sellsy",
	"fab fa-servicestack": "Servicestack",
	"fab fa-shirtsinbulk": "Shirtsinbulk",
	"fab fa-shopify": "Shopify",
	"fab fa-shopware": "Shopware",
	"fab fa-simplybuilt": "Simplybuilt",
	"fab fa-sistrix": "Sistrix",
	"fab fa-sith": "Sith",
	"fab fa-sketch": "Sketch",
	"fab fa-skyatlas": "Skyatlas",
	"fab fa-skype": "Skype",
	"fab fa-slack": "Slack",
	"fab fa-slack-hash": "Slack Hash",
	"fab fa-slideshare": "Slideshare",
	"fab fa-snapchat": "Snapchat",
	"fab fa-snapchat-ghost": "Snapchat Ghost",
	"fab fa-snapchat-square": "Snapchat Square",
	"fab fa-soundcloud": "Soundcloud",
	"fab fa-sourcetree": "Sourcetree",
	"fab fa-speakap": "Speakap",
	"fab fa-speaker-deck": "Speaker Deck",
	"fab fa-spotify": "Spotify",
	"fab fa-squarespace": "Squarespace",
	"fab fa-stack-exchange": "Stack Exchange",
	"fab fa-stack-overflow": "Stack Overflow",
	"fab fa-stackpath": "Stackpath",
	"fab fa-staylinked": "Staylinked",
	"fab fa-steam": "Steam",
	"fab fa-steam-square": "Steam Square",
	"fab fa-steam-symbol": "Steam Symbol",
	"fab fa-sticker-mule": "Sticker Mule",
	"fab fa-strava": "Strava",
	"fab fa-stripe": "Stripe",
	"fab fa-stripe-s": "Stripe S",
	"fab fa-studiovinari": "Studiovinari",
	"fab fa-stumbleupon": "Stumbleupon",
	"fab fa-stumbleupon-circle": "Stumbleupon Circle",
	"fab fa-superpowers": "Superpowers",
	"fab fa-supple": "Supple",
	"fab fa-suse": "Suse",
	"fab fa-swift": "Swift",
	"fab fa-symfony": "Symfony",
	"fab fa-teamspeak": "Teamspeak",
	"fab fa-telegram": "Telegram",
	"fab fa-telegram-plane": "Telegram Plane",
	"fab fa-tencent-weibo": "Tencent Weibo",
	"fab fa-the-red-yeti": "The Red Yeti",
	"fab fa-themeco": "Themeco",
	"fab fa-themeisle": "Themeisle",
	"fab fa-think-peaks": "Think Peaks",
	"fab fa-trade-federation": "Trade Federation",
	"fab fa-trello": "Trello",
	"fab fa-tripadvisor": "Tripadvisor",
	"fab fa-tumblr": "Tumblr",
	"fab fa-tumblr-square": "Tumblr Square",
	"fab fa-twitch": "Twitch",
	"fab fa-twitter": "Twitter",
	"fab fa-twitter-square": "Twitter Square",
	"fab fa-typo3": "Typo3",
	"fab fa-uber": "Uber",
	"fab fa-ubuntu": "Ubuntu",
	"fab fa-uikit": "Uikit",
	"fab fa-umbraco": "Umbraco",
	"fab fa-uniregistry": "Uniregistry",
	"fab fa-unity": "Unity",
	"fab fa-untappd": "Untappd",
	"fab fa-ups": "Ups",
	"fab fa-usb": "Usb",
	"fab fa-usps": "Usps",
	"fab fa-ussunnah": "Ussunnah",
	"fab fa-vaadin": "Vaadin",
	"fab fa-viacoin": "Viacoin",
	"fab fa-viadeo": "Viadeo",
	"fab fa-viadeo-square": "Viadeo Square",
	"fab fa-viber": "Viber",
	"fab fa-vimeo": "Vimeo",
	"fab fa-vimeo-square": "Vimeo Square",
	"fab fa-vimeo-v": "Vimeo V",
	"fab fa-vine": "Vine",
	"fab fa-vk": "Vk",
	"fab fa-vnv": "Vnv",
	"fab fa-vuejs": "Vuejs",
	"fab fa-waze": "Waze",
	"fab fa-weebly": "Weebly",
	"fab fa-weibo": "Weibo",
	"fab fa-weixin": "Weixin",
	"fab fa-whatsapp": "Whatsapp",
	"fab fa-whatsapp-square": "Whatsapp Square",
	"fab fa-whmcs": "Whmcs",
	"fab fa-wikipedia-w": "Wikipedia W",
	"fab fa-windows": "Windows",
	"fab fa-wix": "Wix",
	"fab fa-wizards-of-the-coast": "Wizards Of The Coast",
	"fab fa-wolf-pack-battalion": "Wolf Pack Battalion",
	"fab fa-wordpress": "Wordpress",
	"fab fa-wordpress-simple": "Wordpress Simple",
	"fab fa-wpbeginner": "Wpbeginner",
	"fab fa-wpexplorer": "Wpexplorer",
	"fab fa-wpforms": "Wpforms",
	"fab fa-wpressr": "Wpressr",
	"fab fa-xbox": "Xbox",
	"fab fa-xing": "Xing",
	"fab fa-xing-square": "Xing Square",
	"fab fa-y-combinator": "Y Combinator",
	"fab fa-yahoo": "Yahoo",
	"fab fa-yammer": "Yammer",
	"fab fa-yandex": "Yandex",
	"fab fa-yandex-international": "Yandex International",
	"fab fa-yarn": "Yarn",
	"fab fa-yelp": "Yelp",
	"fab fa-yoast": "Yoast",
	"fab fa-youtube": "Youtube",
	"fab fa-youtube-square": "Youtube Square",
	"fab fa-zhihu": "Zhihu"
}
